{"web":{"client_id":"446639244371-cnalbg24etn6fu2feato4mo725ta8iu3.apps.googleusercontent.com","project_id":"testproject-436715","auth_uri":"https://accounts.google.com/o/oauth2/auth","token_uri":"https://oauth2.googleapis.com/token","auth_provider_x509_cert_url":"https://www.googleapis.com/oauth2/v1/certs","client_secret":"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","redirect_uris":["http://localhost:4010/tokensignin","http://localhost:4010/login"],"javascript_origins":["http://localhost:4010","http://localhost"]}}